<?xml version="1.0" encoding="UTF-8"?>
<project-private xmlns="http://www.netbeans.org/ns/project-private/1">
    <editor-bookmarks xmlns="http://www.netbeans.org/ns/editor-bookmarks/2" lastBookmarkId="0"/>
    <open-files xmlns="http://www.netbeans.org/ns/projectui-open-files/2">
        <group>
            <file>file:/C:/Users/vimal/OneDrive/Documents/NetBeansProjects/AttendanceManagementSystem/src/forms/ViewUser.java</file>
            <file>file:/C:/Users/vimal/OneDrive/Documents/NetBeansProjects/AttendanceManagementSystem/src/forms/GenerateQr.java</file>
            <file>file:/C:/Users/vimal/OneDrive/Documents/NetBeansProjects/AttendanceManagementSystem/src/utility/BDUtility.java</file>
            <file>file:/C:/Users/vimal/OneDrive/Documents/NetBeansProjects/AttendanceManagementSystem/src/forms/ViewQrs.java</file>
            <file>file:/C:/Users/vimal/OneDrive/Documents/NetBeansProjects/AttendanceManagementSystem/src/forms/MarkAttendance.java</file>
            <file>file:/C:/Users/vimal/OneDrive/Documents/NetBeansProjects/AttendanceManagementSystem/src/forms/UserRegistration.java</file>
            <file>file:/C:/Users/vimal/OneDrive/Documents/NetBeansProjects/AttendanceManagementSystem/src/dao/Tables.java</file>
            <file>file:/C:/Users/vimal/OneDrive/Documents/NetBeansProjects/AttendanceManagementSystem/src/forms/UpdateUser.java</file>
            <file>file:/C:/Users/vimal/OneDrive/Documents/NetBeansProjects/AttendanceManagementSystem/src/forms/Login.java</file>
            <file>file:/C:/Users/vimal/OneDrive/Documents/NetBeansProjects/AttendanceManagementSystem/src/forms/Dashboard.java</file>
            <file>file:/C:/Users/vimal/OneDrive/Documents/NetBeansProjects/AttendanceManagementSystem/src/forms/ViewAttendance.java</file>
            <file>file:/C:/Users/vimal/OneDrive/Documents/NetBeansProjects/AttendanceManagementSystem/src/dao/ConnectionProvider.java</file>
            <file>file:/C:/Users/vimal/OneDrive/Documents/NetBeansProjects/AttendanceManagementSystem/src/attendancemanagementsystem/AttendanceManagementSystem.java</file>
            <file>file:/C:/Users/vimal/OneDrive/Documents/NetBeansProjects/AttendanceManagementSystem/src/forms/DeleteUser.java</file>
        </group>
    </open-files>
</project-private>
